team,elo,last_updated_date
Tampa Bay Mutiny,"1,348.43",2001-09-09
LA Galaxy,1485.83,2026-09-27
Columbus Crew,1510.68,2026-09-27
D.C. United,1390.98,2026-09-27
Colorado Rapids,1464.37,2026-09-27
New England Revolution,1505.47,2026-09-27
Miami Fusion FC,"1,545.70",2001-10-17
Chicago Fire FC,1565.10,2026-10-07
San Jose Earthquakes,1497.49,2026-09-27
FC Dallas,1572.47,2026-09-27
Real Salt Lake,1456.69,2026-09-27
Houston Dynamo FC,1514.16,2026-09-27
Toronto FC,1433.53,2026-09-27
Seattle Sounders FC,1534.57,2026-10-02
Philadelphia Union,1602.94,2026-09-26
Vancouver Whitecaps FC,1633.13,2026-10-07
Portland Timbers,1472.58,2026-09-27
Sporting Kansas City,1358.70,2026-10-02
Orlando City SC,1521.71,2026-09-26
New York City FC,1523.48,2026-09-26
Atlanta United FC,1407.86,2026-09-26
Minnesota United FC,1483.72,2026-09-27
Los Angeles FC,1579.80,2026-09-27
FC Cincinnati,1517.15,2026-09-26
Nashville SC,1654.75,2026-09-27
Inter Miami CF,1648.81,2026-09-27
CF Montréal,1385.52,2026-09-26
Austin FC,1459.96,2026-09-27
Charlotte FC,1556.66,2026-09-26
St. Louis City SC,1569.26,2026-09-30
San Diego FC,1517.39,2026-09-27
New York Red Bulls,1454.90,2026-09-30
Chivas USA,"1,342.73",2014-10-26
